model,n_datasets,wins,gap_wins,mean_rank,val_r2_mean,val_r2_std,val_r2_median,val_r2_adj_mean,val_r2_adj_std,val_r2_adj_median,mae_wins,mae_mean_rank,rmse_wins,rmse_mean_rank,gap_mean,gap_std,gap_median,tune_time_mean,tune_time_sum,train_time_mean,train_time_sum,eval_time_mean,eval_time_sum,total_time_mean,total_time_sum,eval_time_per_instance_us_mean,eval_time_per_instance_us_median
tabpfn,54,41,6,1.709090909090909,0.7631656023715622,0.2279506424945877,0.836470927766914,0.7610546710956269,0.23100725378988152,0.835822072047724,48,1.3454545454545455,41,1.7454545454545454,0.0693866656793756,0.08574715597853298,0.043667812726773614,1.9589552349514432,105.78358268737793,43.46711244848039,2347.2240722179413,135.00142984037046,7290.077211380005,180.44664318914766,9744.118732213974,4821.704845548651,3608.5756001120317
erbf,55,4,6,4.054545454545455,0.7119046032573096,0.24252904735882552,0.7911592333393426,0.7096236614430299,0.24530054610232996,0.7906017086489978,0,4.054545454545455,4,4.0,0.038890650155026275,0.053671048355299344,0.018325439509180086,777.0341051795266,42736.87578487396,16.977107507532292,933.7409129142761,0.11731965758583762,6.452581167221069,794.1428063435987,43677.854348897934,9.594376418812233,9.320014954085163
chebytree,55,2,9,4.2727272727272725,0.7028954405829592,0.24811620655094604,0.7851871011974303,0.7004991646618317,0.2512045363558041,0.7846136326614556,2,4.2,2,4.163636363636364,0.04008252249378643,0.05346968418449791,0.029432137555782945,61.08235929662531,3359.529761314392,0.4717891172929244,25.94840145111084,0.19133067564530806,10.523187160491943,61.76427989006042,3397.0353939533234,35.3666772186565,20.33659053818139
xgb,55,1,1,4.527272727272727,0.7058937763119336,0.24209758474555576,0.7710654137340608,0.7035606647370732,0.24499002559027327,0.770765326677684,2,4.327272727272727,1,4.527272727272727,0.1067002669427527,0.10661436929394177,0.08482954420652461,181.53036365509033,9984.170001029968,0.9938244949687611,54.66034722328186,0.17592450922185723,9.675848007202148,182.71576961170544,10049.367328643799,16.375186652194692,9.019572117737303
chebypoly,55,1,16,4.8545454545454545,0.6798796030939206,0.24461771459683046,0.7640149886172949,0.6775443139869398,0.2471041582019055,0.7638392686372522,1,5.109090909090909,1,4.945454545454545,0.028820661628289303,0.03994802960204893,0.014170814831098388,40.28102667114951,2215.4564669132233,0.33763273412531075,18.56980037689209,0.20780499198219993,11.429274559020996,40.84092546376315,2246.2509005069733,14.97210064052033,12.248297532399494
ebm,55,3,7,5.054545454545455,0.6739162420184492,0.2394068840512607,0.7484059746917381,0.6715861320533509,0.24188905009573292,0.7482186318444684,1,5.6,3,5.036363636363636,0.03454893908093505,0.04431239525516091,0.019560465558871865,391.44241088953885,21529.332598924637,9.433064660159024,518.8185563087463,0.018203080784190785,1.0011694431304932,400.9045304168354,22049.74917292595,1.8122811589458236,1.5557159746764637
rf,55,3,5,5.163636363636364,0.6932207493112678,0.23600700882220169,0.7395950209365623,0.6909518116022415,0.23853277203657752,0.7394687869286543,1,5.109090909090909,3,5.2,0.0622975935478132,0.09674943810038363,0.024436768632322803,1342.7718462813984,73852.45154547691,41.63512285405939,2289.9317569732666,1.6775888963179155,92.26738929748535,1386.1627165794373,76238.94941186905,215.37034884753805,156.8066120147705
dt,55,0,5,7.418181818181818,0.6458415710593047,0.2525208245917281,0.7063409865479487,0.643132168595913,0.25565912842677496,0.7055570290630563,0,7.163636363636364,0,7.454545454545454,0.04832490508646426,0.05025440479829075,0.03158276893485912,29.822433827140113,1640.2338604927063,0.26267038692127576,14.446871280670166,0.007613277435302735,0.4187302589416504,30.107487258044156,1655.9117991924286,1.356534652042904,0.7213041783209588
ridge,55,0,0,7.945454545454545,0.556917706939754,0.2399821806448502,0.5806797174176476,0.5541548057990241,0.24183481628364578,0.5785712559087482,0,8.090909090909092,0,7.927272727272728,0.010803114216554171,0.016337794324011383,0.0030936244347877784,19.837164475701073,1091.044046163559,0.011221985383467241,0.6172091960906982,0.0034146135503595526,0.1878037452697754,19.86533122062683,1092.5932171344757,0.8018432162429463,0.33384214037121274
