model,dataset,n_bootstrap,n_test,cv_median,cv_mean,cv_q90,cv_max,std_median,std_mean,std_q90,std_max,n_near_zero,r2_val,r2_val_std,r2_val_adj,gap,rmse_val,mae_val,time_seconds
chebypoly,Ailerons,100,2750,0.0178172210502132,0.0230833972190301,0.0406570888887398,0.2819205908925,1.427292213048748e-05,1.9284152089415084e-05,3.5103398212798205e-05,0.0007110172238524,0,0.7801021373052206,0.0659683274061373,0.7798135306274919,0.0043223422881543,0.0001893425292341,0.0001386192348879,1.8958950419910252
chebytree,Ailerons,100,2750,0.0354835559976634,0.0386821306030414,0.0579081171524534,0.2520815006684139,2.9069544777330644e-05,3.224314448999167e-05,5.296386290458515e-05,0.0001709008972597,0,0.7782123359954769,0.0673054865337174,0.7779226962379312,0.0040631138213461,0.0001901154975381,0.0001390653792268,0.3970094169490039
dt,Ailerons,100,2750,0.0806616943894512,0.0866531675257688,0.1286017533441975,0.2556623768258418,6.465301761634021e-05,7.695386907582412e-05,0.0001363502598075,0.0003919387812657,0,0.7186662283145475,0.0532010572970626,0.7182849253379369,0.022219103966242,0.0002153939215126,0.0001550662078085,0.332523041870445
ebm,Ailerons,100,2750,0.0274515831630174,0.0326949264213833,0.0517497723243627,0.2201589373108165,2.0889176447503743e-05,2.6856574382604537e-05,4.571780386615691e-05,0.0002103884501828,0,0.7655204142875182,0.0623448280192272,0.7652096819077829,0.0038790562275918,0.0001959332130947,0.0001435093680479,10.059290583012626
erbf,Ailerons,100,2750,0.0077363592890513,0.0088535992030679,0.0140044775971988,0.0502004713195963,6.370521535815716e-06,7.071897225951519e-06,1.043096301472562e-05,7.459042094864438e-05,0,0.7581198318755329,0.0656349621862159,0.7577998310358695,-0.0037611451093199,0.0001989383731479,0.000146665652224,5.166447000112385
rf,Ailerons,100,2750,0.0273919427786659,0.0289422746592727,0.0412184339337334,0.0756894996001987,2.144679991037363e-05,2.6160695753428073e-05,4.5982224936475155e-05,0.0001282056793352,0,0.7565482465076212,0.06156254546751,0.7562268999639915,0.0137274347601841,0.0001998111733911,0.0001442338722544,24.042067584116012
ridge,Ailerons,100,2750,0.0077905774273771,0.0095224749608529,0.0160848785534916,0.1015774185162775,6.451577448634421e-06,7.29902206919114e-06,1.2070847521003523e-05,2.654416252697099e-05,0,0.7566301907320165,0.065241328799354,0.7563085567066599,-0.003351366211282,0.0001995989062536,0.0001474475399876,0.2163589580450207
xgb,Ailerons,100,2750,0.0412102602422237,0.043457926059311,0.0606300272047519,0.1173078119754791,3.294237467343919e-05,3.931681931135245e-05,6.972738628974184e-05,0.0002489897597115,0,0.7705020661002452,0.0645443405803714,0.7702005495694692,0.015514811930523,0.000193682885164,0.0001414838331833,0.3481854170095175
chebypoly,Brazilian_houses,100,2139,0.0022174695682632,0.0032799225950588,0.0041108682448034,1.034715521102029,0.0177039249046506,0.0250937424690967,0.034970361691358,2.559739000379734,0,0.9656670170522588,0.0166453307899605,0.9656348718752036,0.0257107490600404,0.1441426411907719,0.0522851340924301,0.1380295830003888
chebytree,Brazilian_houses,100,2139,0.0009859106560507,0.0014336747648879,0.0027347809671782,0.0739490346325267,0.0081290878147066,0.0117249134368148,0.0219772751177334,0.6728527889171131,0,0.9820926970132068,0.0267041349382551,0.9820759316320986,0.0174861095540008,0.0843628801012265,0.0127097326987857,0.1547644160000345
dt,Brazilian_houses,100,2139,0.0058306150357368,0.0067041223810703,0.0104851161403537,0.0404315022997736,0.047931284214161,0.0549840197189733,0.0862162451655497,0.3370090473665973,0,0.9725939033268676,0.0195501276167219,0.9725682443903922,0.0030364336819687,0.1265625268376233,0.0654469462497379,0.0972221669999271
ebm,Brazilian_houses,100,2139,0.002111053186039,0.0028579273521734,0.0044330688477711,0.0466885578700512,0.0168835604488192,0.0242173168217745,0.0381222543432752,0.5252481546054303,0,0.9780709546290108,0.0169420590515564,0.9780504235169346,0.0037220723804368,0.1120922111626497,0.055676780806218,4.611722124999687
erbf,Brazilian_houses,100,2139,0.0030921675265363,0.0040687754880753,0.0064105104433069,0.3451395505011323,0.0252011267505163,0.0340679424389641,0.0518517380617721,3.6061180606902146,0,0.9719430055391092,0.0230965844332855,0.971916737459848,0.01832543950918,0.1247256268399539,0.0476445496361371,7.7647248330004
rf,Brazilian_houses,100,2139,0.0016457055696319,0.0019481818819857,0.0030536152302107,0.0147908175657043,0.0135295977135245,0.0160663098747391,0.0251320797472746,0.1337564065368814,0,0.9790240736256852,0.0218978728371752,0.9790044349853756,0.0017159613637471,0.1043189110716686,0.0346874485252513,6.305072709000342
ridge,Brazilian_houses,100,2139,0.0012807520703703,0.0018102683083022,0.0030668143272065,0.0928599522217951,0.0101009434872572,0.0155008420870484,0.0280467198322948,0.8447512119649941,0,0.8361486934103229,0.0074350300465894,0.8359952851611201,0.0027399951678871,0.3228058292870511,0.2545759354236384,0.0475362090000999
xgb,Brazilian_houses,100,2139,0.0031144148670136,0.0037186176267066,0.0052614705637097,0.0767875909805297,0.0256387833505868,0.0308097135275602,0.0423343181610107,0.7857839465141296,0,0.9872646145500406,0.0162652202357575,0.9872526911483496,0.0082284145003385,0.0775202020489249,0.0218798625134592,0.1203499160001229
chebypoly,MiamiHousing2016,100,2787,0.0019114120309498,0.0023249922563169,0.0034798385615204,0.088655129242888,0.0238991702194996,0.0297935818717786,0.0456636636206663,1.140239263855089,0,0.909248609042736,0.0020546285656303,0.9091426252804264,0.0083831953864086,0.1709871389027278,0.1190104569684729,0.4572278750001715
chebytree,MiamiHousing2016,100,2787,0.0040749513346975,0.0048435283228666,0.0082260323861904,0.1069315306709151,0.0511230660089387,0.06193905880669,0.1050520287135942,1.4541241675120762,0,0.89750084922739,0.0075380200526541,0.89738114584156,0.0163272422762077,0.1815669100970658,0.1233371335644462,0.424904874999811
dt,MiamiHousing2016,100,2787,0.0079488687945303,0.0090984899593201,0.0160650197164968,0.0365453510291388,0.0995961217904543,0.116543752987011,0.2100547915992895,0.4688895485961961,0,0.8023523138449751,0.0117603814186686,0.8021214921040727,0.0245969678842379,0.252253307112174,0.1734402218090121,0.421626916000605
ebm,MiamiHousing2016,100,2787,0.0047430525898116,0.004902005226346,0.0064986646885694,0.0108176044345553,0.0599526292582078,0.0624189220897237,0.0837230181102871,0.1415118305843898,0,0.8954927087641471,0.0042026634654063,0.89537066023774,0.0165459261502656,0.18343715610661,0.1305111500985728,11.73004470900014
erbf,MiamiHousing2016,100,2787,0.0040131131162743,0.0044909478960016,0.0072625868331192,0.0192251348354831,0.0505665319902503,0.0572670262665368,0.0937079816163772,0.2341407801351565,0,0.9180379067966478,0.0016075100641545,0.9179421875915208,0.0076161153062755,0.1625024395656465,0.1120648246484239,11.138608000000204
rf,MiamiHousing2016,100,2787,0.0017397131736603,0.0019818105800397,0.0034396495371882,0.0083527269170688,0.0217411258969914,0.0253182739566227,0.044786248635655,0.10811504876511,0,0.8644760704638597,0.0047329384032608,0.8643177993224018,0.014079874152459,0.2089154118681175,0.1410698872845693,50.35648658399987
ridge,MiamiHousing2016,100,2787,0.0008293051686176,0.0009134166980936,0.0013435015362176,0.0031130078384584,0.0104398275844403,0.0116641593230584,0.0172295358343267,0.0396799477922744,0,0.7169849285525965,0.0075413212198987,0.7166544102625478,0.0008874495003947,0.3019344942683989,0.2207323626151211,0.1779984579998199
xgb,MiamiHousing2016,100,2787,0.0048959329724311,0.0055451858264922,0.0096608966588974,0.020676415413618,0.0613627210259437,0.070823349058628,0.12519171833992,0.2564621567726135,0,0.9173623906388986,0.0031646850602937,0.9172658825028652,0.0519805733910729,0.1631687876027233,0.1118301765340421,0.5360497919991758
chebypoly,abalone,100,836,0.013608568513897,0.0186775778436393,0.0261689888519453,0.7735079798230344,0.1309121918387786,0.1692014233784291,0.269870582482396,2.649611602028813,0,0.5597057267518735,0.0231961232702704,0.5587811760639191,0.018187765383922,2.130047437296976,1.5309139030835257,0.0738587499999994
chebytree,abalone,100,836,0.0157457744211416,0.0336504740289132,0.0324925150776211,6.077305556719692,0.1516342909460677,0.1963112035396578,0.3081633356184212,2.6325856058331807,0,0.5653372533665,0.0236282839074912,0.5644245293292396,0.0181128553591367,2.115345667854453,1.5278316785383224,0.0632056249996821
dt,abalone,100,836,0.0688504721532603,0.0713833013323528,0.104612601470974,0.1662162090265291,0.6412166201144998,0.7164624424052162,1.1967230507028854,1.7541531051046406,0,0.4821923502554052,0.0377625808505109,0.4811050414816299,0.0741508481153231,2.306122841984333,1.64807511053199,0.0707172500005981
ebm,abalone,100,836,0.0665138113771229,0.0707802601272409,0.0895586069566801,0.6479627055771646,0.6585824421313174,0.6828037145042211,0.9573613886783584,2.097156722756638,0,0.5266178918367379,0.0158785449068735,0.5256238652484599,0.0443260141852271,2.2089820877452935,1.6005383559162687,2.927479167000456
erbf,abalone,100,836,0.0403920901514341,0.0432893656942903,0.0576749668452215,0.1722768903023985,0.402534650593106,0.4318665615181818,0.6521514427041628,1.3580335341260457,0,0.5572996945474092,0.0165462875318404,0.5563700948538081,0.0465927773781069,2.135941193241313,1.5294071109801426,0.98594787500042
rf,abalone,100,836,0.0321855034523921,0.0320410135849361,0.0443839685036141,0.0664736766858169,0.2872725040513004,0.3190564823538006,0.5080791129001603,0.9099184575194552,0,0.5485287310460788,0.0117646050055848,0.547580714723352,0.0870329130851698,2.1578581415691267,1.53332625027844,6.944002375000309
ridge,abalone,100,836,0.0122249112221173,0.0151399342255409,0.0220114003591201,0.4171213619448939,0.1192112452361424,0.1421906647514863,0.2247474802743226,1.0352785045024755,0,0.5151522772954061,0.0172692405425817,0.5141341766317067,0.013135204020313,2.236065602749815,1.615474524822795,0.0469039169993266
xgb,abalone,100,836,0.0632179901003837,0.0635478758881465,0.0783941559493541,0.1047521531581878,0.6078230142593384,0.6405014991760254,0.9576096534729004,1.515161156654358,0,0.5223802473291739,0.0280698404196768,0.5213773229456532,0.1385264034588944,2.217987424489375,1.5781325027532325,0.0958922919999167
chebypoly,airfoil_noise,100,301,0.0057164698625551,0.0061416428394018,0.0091059217738456,0.0206464648043162,0.7199288031179667,0.7599583465258146,1.0897127103462787,2.5590414644639803,0,0.7293914569755413,0.0332581629385476,0.7282605679149772,0.0346533182438766,3.5731811271476195,2.835201652393649,0.0516425830001026
chebytree,airfoil_noise,100,301,0.0138329676934581,0.0160208847803124,0.0272571303425011,0.0870519693702107,1.6679228908711567,1.994642887402508,3.4153765420179467,9.607506407071648,0,0.8317089287556743,0.0503924606994217,0.8310056588145116,0.0639446456601979,2.7955115753892583,1.981857945925833,0.0819164590002401
dt,airfoil_noise,100,301,0.0178041333659466,0.0185078126589194,0.0292884318438142,0.0453913417614339,2.2082945622134837,2.3005470719367396,3.590642143858766,5.609730923086565,0,0.7262144975392897,0.0361995105089243,0.7250703183770965,0.1057048428347877,3.5934870558750327,2.7667126309438266,0.0387718330002826
ebm,airfoil_noise,100,301,0.0071017399457887,0.007833596671064,0.0123881986994587,0.016884945102019,0.8800184995710459,0.9757340538531744,1.5266540154914512,2.140061783199226,0,0.5588607102406008,0.0378045636737601,0.5570171376531239,0.0424665186540231,4.566103805996816,3.5431789891219005,1.079920416000277
erbf,airfoil_noise,100,301,0.0079230996268853,0.0093305694920552,0.0151689393412506,0.0297659497305745,1.029827001422302,1.1511958898449248,1.81753072065363,3.5365299491175968,0,0.9211284839848404,0.0109839210816276,0.920798880037024,0.0286043776387718,1.9310542272590256,1.3648613621900862,0.998126874999798
rf,airfoil_noise,100,301,0.0061741131926117,0.0066528859400543,0.0102847693823155,0.0144358669889304,0.7730021185875516,0.8265705570150098,1.2462364089114943,1.82615252475925,0,0.828774795708816,0.0237005237341036,0.8280592384553367,0.0544335735301159,2.84235806940851,2.191092853505979,0.8809937079995507
ridge,airfoil_noise,100,301,0.0027065554000425,0.0029572976791079,0.0042405593041778,0.0087749306685086,0.3440224343870813,0.3662889964475651,0.5103507793297163,0.9617804282354874,0,0.5053380731514416,0.0513277781101909,0.5032708313300391,0.0109006961906252,4.8306157211409655,3.755362453266028,0.0355030840000836
xgb,airfoil_noise,100,301,0.0099895801395177,0.0105297966238321,0.0141088357195258,0.0343919023871421,1.2533046007156372,1.310199737548828,1.7549633979797363,4.509626865386963,0,0.9237879607902834,0.011962763907299,0.9234694582617208,0.0580596112866172,1.897645459087186,1.296281758231432,0.0853707910000594
chebypoly,analcatdata_supreme,100,811,0.001667944779753,0.0226618823368056,0.0052790117653649,1.058276780121416,0.0038345353389524,0.0046109061622979,0.0071867464062074,0.0195973090778514,0,0.9780457347145428,0.0092338820844399,0.9780118076818288,0.0004855218906444,0.0794737286443584,0.0204832720530953,0.045123040999897
chebytree,analcatdata_supreme,100,811,0.0014751909622164,0.0299017865048832,0.011189107235083,2.9267891827538097,0.0033926667778033,0.007422290391703,0.0181818296512572,0.0431149223550548,0,0.9779779014669072,0.0096287859672175,0.9779438694893914,0.0009865738250031,0.079453048020703,0.0202766118417411,0.0735250420002557
dt,analcatdata_supreme,100,811,0.0016399962832414,0.026991488259693,0.0099566815078323,1.0433830096115966,0.0033877248120349,0.0062177179807832,0.0160688540443306,0.0421375938040941,0,0.9780359444373344,0.0091585808775996,0.9780020022545708,0.0008616590372366,0.0795197064275875,0.0188621199494218,0.0345302499999888
ebm,analcatdata_supreme,100,811,0.0018099130866009,0.0190711100994479,0.008175017341611,0.7841698638182517,0.0041604310700405,0.0059674769054145,0.0129865787396798,0.0235509596438164,0,0.9781008216460088,0.0091972313771597,0.9780669797161804,0.0006123485010657,0.0793772864900899,0.0206178553570861,1.5573413749998508
erbf,analcatdata_supreme,100,811,0.0072890326654498,0.0323249983155878,0.033664889044321,1.880489270337505,0.0167231353350744,0.0223811848298797,0.0428654733904644,0.1888616510331689,0,0.9767899266693718,0.0106739943275255,0.976754058837189,0.0013654176051685,0.0813694819081889,0.025796924356514,1.0314845000002606
rf,analcatdata_supreme,100,811,0.0014040233783231,0.0126740980450576,0.0187591572641955,0.3230600979622947,0.0032248264415929,0.0092133940561859,0.0305321124231962,0.0640921754228559,0,0.9724473569498706,0.0093389069123863,0.9724047785854856,0.0018368968407752,0.0896697186640257,0.0321815519675271,0.5110562500003653
ridge,analcatdata_supreme,100,811,0.0079448043758736,0.0092757732849881,0.0155482652607519,0.0246065495515844,0.01721375324093,0.0178638042961471,0.0253235615654666,0.0346102462437662,0,0.4302212893383047,0.0204834262219806,0.4293408039913683,0.0060081677132099,0.4133150977479126,0.3065173851303217,0.0371877919997132
xgb,analcatdata_supreme,100,811,0.0017273545963689,0.0119872361603672,0.0115036079660058,0.4844746589660644,0.0039574829861521,0.0063404212705791,0.014094665646553,0.0432523488998413,0,0.9775817970700398,0.0089046970991522,0.9775471531360632,0.0012709509313449,0.0804809456792129,0.0216851617163808,0.6814949160007018
chebypoly,concrete_strength,100,206,0.0513527782822694,0.0852349541071134,0.1561401991214698,1.218914781584841,1.6969704471182747,2.0502381699481345,3.2216359397701395,10.950210829294512,0,0.8935199252459689,0.0013063599203295,0.8924747220581992,0.039757824638372,5.439606134813797,4.043596103689415,0.0497472500001094
chebytree,concrete_strength,100,206,0.0913408772127066,0.1166800638697845,0.2141826886870317,0.5268986909603186,2.9937252754226487,3.593986244832062,6.078935912931806,16.283512312953494,0,0.8664864141597801,0.0244250916439915,0.8651758513539866,0.0412253471817619,6.037167900710512,4.421256543115777,0.0724997500001336
dt,concrete_strength,100,206,0.146017275372555,0.1594402540265604,0.2275764392965732,0.4184038105380004,4.89856751360554,5.10541257676216,7.7152803039683935,11.341180653802375,0,0.810612429768382,0.0258330856771795,0.8087534106740838,0.0989362354897608,7.222097798722063,5.358167203233506,0.0382254590003867
ebm,concrete_strength,100,206,0.0533175514685692,0.0909931886179036,0.159122369739704,2.1319827317458984,1.9038766244689305,1.993620478126764,2.9860719384634056,6.437683140727005,0,0.907846320102775,0.0143464166274217,0.906941744103784,0.0393200414665048,5.054158848892547,3.7918790065352193,4.000371416999769
erbf,concrete_strength,100,206,0.0815295040980342,0.0990234965418579,0.162727077627611,0.441853276811181,2.6802010599725232,2.855537690082106,3.972368139832989,7.25919878689906,0,0.88586008456646,0.016291393033021,0.8847396927585235,0.0481643679973169,5.621843773011574,4.261210596724576,0.6318645420005851
rf,concrete_strength,100,206,0.0524496974515073,0.0576058862023915,0.0899791796537259,0.1258113302582159,1.701999241451077,1.8197317789455645,2.7914237233635535,4.982641295710287,0,0.8807860055626799,0.013967517313547,0.8796158068442768,0.0570909117850614,5.750701355060615,4.286849774896212,2.447294083000088
ridge,concrete_strength,100,206,0.0304549861952425,0.0340069188268645,0.0532763903544825,0.0827502476316606,1.010765887293101,1.158253471540897,1.6748875770100935,3.832636896897202,0,0.60082350396412,0.0471812718470843,0.5969052070705162,0.0161058358637612,10.50351284188187,8.347198342517663,0.0338940000001457
xgb,concrete_strength,100,206,0.0807209573686122,0.0909683880965831,0.1468815952539444,0.2663878202438354,2.517725944519043,2.7301180362701416,3.9885101318359375,9.02104663848877,0,0.9176273516621384,0.0099534085461063,0.9168187857888832,0.0643957424570238,4.780125156549795,3.2711505302688453,0.1425992499998756
chebypoly,cpu_act,100,1639,0.0044239712001799,0.1014968591728699,0.0115916680974284,64.01455792008463,0.3897307084916388,0.4942580193399196,0.7750987150058813,6.54728040114814,0,0.9835174444741264,0.0025098944613473,0.9834644503764204,0.0025623023448888,2.340398970211033,1.7047180649789375,0.6502351250001084
chebytree,cpu_act,100,1639,0.0020594421742449,0.2634065443583728,0.0055960154840301,222.75712631090215,0.1782403577930137,0.2337341056666629,0.356572891850493,6.099385230490139,0,0.982421981178864,0.0026147430928565,0.9823654649557704,0.0010453081275633,2.4173246271758617,1.756806392746531,1.2610118749998946
dt,cpu_act,100,1639,0.0172006908136865,0.0789595970952218,0.0341532779599724,7.035264706814491,1.461317536598278,1.5093551059478594,2.4407053473297795,4.17392221104125,1,0.9677364692445024,0.0046999907839975,0.9676327373661197,0.006643142136003,3.2769318044071083,2.3327836064608163,1.3196647499999017
ebm,cpu_act,100,1639,0.0083347735046906,0.087837423614964,0.018841149763516,27.590078933982163,0.7417794559574549,0.8627257191195604,1.358430975538205,7.820536293965088,0,0.9807708230365764,0.0015256574183396,0.980708998405364,0.0053026638525995,2.539523653834506,1.8137360109119125,29.493975208000847
erbf,cpu_act,100,1639,0.0069418563250073,0.0755582122125649,0.0148690467921871,9.901754942614964,0.6083280412743295,0.6780869887033338,1.0904205235919724,8.307373245087842,0,0.9832063076860428,0.0022703006088997,0.983152313256748,0.0029133717952657,2.3662238754530134,1.6963422325417004,6.517121416999544
rf,cpu_act,100,1639,0.0038888064604153,0.0231564911566829,0.0085785681081934,1.2799028432743098,0.3334019661522542,0.3620439786444573,0.5857862616416281,1.1704996763316673,0,0.975814457405075,0.0036642338619469,0.9757366973287992,0.0053066817011898,2.8353208290995617,1.9739740309146652,34.95640312499927
ridge,cpu_act,100,1639,0.0057545615902382,0.0114708051063658,0.0137348028144491,1.1362743513896487,0.4834011305637601,0.6297930568764437,1.0226826956451696,18.9113561604156,0,0.7368671173844034,0.0262331156383595,0.736021106844809,0.0055046042680014,9.385399622198827,6.002572009275538,0.1796952499998951
xgb,cpu_act,100,1639,0.0105029828846454,0.1744517740253569,0.0231917075812816,39.17939376831055,0.8952071666717529,1.0046297311782837,1.5482048988342283,34.363460540771484,0,0.9816915424208696,0.0027857263071186,0.9816326780189508,0.0102451252858596,2.4687856106559303,1.7190477075346968,0.5240372910002407
chebypoly,energy_efficiency_heating,100,154,0.005833262754995,0.0074694358938829,0.0125994561812028,0.0347389316967506,0.1390285207371473,0.1429609123148111,0.1921372317400954,0.3720530610099447,0,0.99733469304301,0.0002079810419625,0.9972994726111876,0.0003697572798306,0.517934699027381,0.3905971845763653,0.0493494579995967
chebytree,energy_efficiency_heating,100,154,0.0107174571538521,0.0137421473501144,0.0224879692979408,0.0732669355194593,0.2809928241784571,0.2725084069087496,0.4199985241483199,0.5749172111244599,0,0.9974935962770752,8.890489186899252e-05,0.9974604749175274,0.0008118491236596,0.5029123096713789,0.3654963194441188,0.0890327079996495
dt,energy_efficiency_heating,100,154,0.0091399666806269,0.0134759020496137,0.022639310092254,0.1016754099288399,0.1939824006850311,0.263489076956109,0.4374431637592441,1.770060632554072,0,0.995635997868926,0.0005989872681409,0.995578330525103,0.0011527201861953,0.6609565805020934,0.4212693525379217,0.0337194159992577
ebm,energy_efficiency_heating,100,154,0.0095194059742032,0.0116095585087681,0.0155940362945704,0.0953705781380194,0.1814540855585182,0.1975224762617114,0.2850201338470927,0.4623892924713044,0,0.9892134829900726,0.0013197968111961,0.9890709520660944,0.0008240621870604,1.039372496978935,0.7865627676360738,1.799861082999996
erbf,energy_efficiency_heating,100,154,0.0109510681445648,0.0129126135501124,0.0202981504976636,0.0818198525498155,0.2452378744572828,0.2703411842886124,0.4407936377168764,1.3241644102642274,0,0.998402061788724,0.0002216152630486,0.9983809440360252,0.0006027266702408,0.4006248744446738,0.2881647875968319,0.3549398340001062
rf,energy_efficiency_heating,100,154,0.0084444147864598,0.0122174136144266,0.0171716826521909,0.0922697487211431,0.206780043957484,0.2408515924090334,0.3788236287971486,1.6567158887045434,0,0.9949580586677604,0.0015866601200823,0.9948914379050532,0.0013497902015398,0.7021757447373357,0.426822685999953,0.6571233329996176
ridge,energy_efficiency_heating,100,154,0.0146472660319703,0.0157876079181341,0.0231815824219759,0.0518597572797327,0.289903505943455,0.3133883300406724,0.4800255830853075,0.5488666695653653,0,0.9140537752572572,0.0062872547088307,0.9129180242111266,0.0022573173744323,2.940272356386244,2.0821108542575244,0.0348879170005602
xgb,energy_efficiency_heating,100,154,0.0087038273923099,0.0116102115747022,0.0163779551163315,0.0768943428993225,0.2120820581912994,0.2476465851068496,0.3989387154579162,1.4305713176727295,0,0.9960152741753012,0.0045911201237258,0.9959626489633352,7.728055082500962e-05,0.5620688110944692,0.3657709027233599,0.0500230420002481
chebypoly,esol,100,226,0.0385170924100579,0.2087970094809341,0.1918343095544115,26.08276677836364,0.1074892276510622,0.1536622999947545,0.2411834184292332,1.476567802999077,0,0.8934835808244801,0.009275113219012,0.8926499394363381,0.0139999723895205,0.6809684544431664,0.5012542569117489,0.0376997499997742
chebytree,esol,100,226,0.1420848271062906,0.7287471503511965,0.5610692198187224,68.05833821030132,0.4013291819970401,0.4219172666409472,0.6444703014346524,1.4128466056253577,0,0.8486101517003937,0.0188392711521877,0.8474253754385603,0.0522946723315239,0.8110101202308219,0.5968587137678065,0.096562165999785
dt,esol,100,226,0.1534234343825988,0.3591351444231015,0.7563055073818169,8.32851855091607,0.4297988491410247,0.445359332279863,0.6174043505374498,1.2103742574909524,0,0.8533967481545774,0.0163028615143463,0.8522494193486843,0.058072453631228,0.7982247702379307,0.6083039359332858,0.0377495000002454
ebm,esol,100,226,0.0964057598000839,0.382194944813544,0.5349488566340279,16.46568422641912,0.2668962277436917,0.2985603039616957,0.4421530222501225,0.9219156855352656,0,0.8589873190693164,0.0187300820453049,0.8578837212958584,0.0493098472267946,0.7825652086137393,0.5908699460041188,3.1596131249998507
erbf,esol,100,226,0.0780233310314358,0.2864889162534144,0.3103478152434999,21.44402658627439,0.2405506731382372,0.247071430768556,0.3846241532325142,0.7327079933774803,0,0.8972668411725078,0.0117071915584924,0.8964628223980087,0.0288226570365605,0.6683055749451198,0.4939200086663106,0.4436916670001665
rf,esol,100,226,0.0544857777217358,0.1520761948131941,0.2466539891410924,8.75932707643129,0.1595474428097834,0.1708909952093655,0.2694506531765872,0.5284426870517431,0,0.8946218864264177,0.0155831510320423,0.8937971949489502,0.042772709791396,0.6762172035035914,0.5025244337033186,2.339311834
ridge,esol,100,226,0.0264892038266324,4.895442361667545,0.0949382319646806,1090.5577692095185,0.0697943809821149,0.0842797196303093,0.1403113656470621,0.3736429516398293,0,0.8280614436091449,0.0092692027963323,0.8267157842363391,0.0041973206251286,0.8657659350273402,0.6500695182638184,0.0379736249997222
xgb,esol,100,226,0.0926784314215183,0.3564627272184048,0.4638422429561615,12.730121612548828,0.2717825472354889,0.2915317118167877,0.4295273423194885,1.5610448122024536,0,0.8821595131317073,0.0130070216434064,0.8812372736504498,0.0726196425638874,0.715793220263462,0.5188882328703992,0.0613443330003065
chebypoly,feynman_gaussian,100,1600,0.0514224714574974,0.374909421520797,0.336014954779142,153.00154345512522,0.0102264144566166,0.0116204226892711,0.0179596623280557,0.0834697245032206,0,0.3812594520041692,0.0256442334827122,0.3810660049045925,0.0041700016596069,0.2660055767681143,0.1726996569286939,0.0609165839996421
chebytree,feynman_gaussian,100,1600,0.074463873101389,2.5549892063862036,5.420085107557005,562.0869692922429,0.003594874936637,0.0142185653183274,0.044243450499169,0.2016031074792959,38,0.9907851010900696,0.0006788179870945,0.9907822200836888,0.0026637957302875,0.0324443850538426,0.0114306506434477,0.3073144170002706
dt,feynman_gaussian,100,1600,0.1766324993872725,0.6554446297764271,2.0740682845073835,6.628150787067881,0.0105150040617394,0.0338793195427333,0.0922397295904443,0.463016429049191,0,0.9387521755458436,0.0234082544476652,0.9387330266246452,0.0113208896723921,0.0820790313455606,0.0334205313661614,0.0571026669995262
ebm,feynman_gaussian,100,1600,0.0939131728727274,0.2285189675108079,0.3587038806301684,21.81071891674845,0.0158925258190646,0.0206024953487583,0.0429513971913032,0.0745107325756629,0,0.5003924324994923,0.0101276171313506,0.5002362319156248,0.0125985390087025,0.2390749706854447,0.1744636565380482,0.8071325829996567
erbf,feynman_gaussian,100,1600,0.2117665557385742,5.830331336349584,10.941688179687045,852.6741253710413,0.0180560441477223,0.0182693646784279,0.0247431075770538,0.0642414497999267,0,0.969056984365144,0.0037246593493658,0.969047310137964,0.0011633385377424,0.0593135181136208,0.0249529561714705,2.024566332999711
rf,feynman_gaussian,100,1600,0.051948618386391,0.1645954530242688,0.5377763772467664,0.8511055429507883,0.0063205095167485,0.0124571868258671,0.0332039356935905,0.1138195282642005,0,0.9453132946299194,0.0045474704766724,0.9452961970199868,0.0068040882088955,0.0791959508196826,0.0325702271757225,3.661747625000317
ridge,feynman_gaussian,100,1600,0.0222216126697058,0.0794797705497879,0.0494044725702724,36.29121028308506,0.005407963264148,0.0050593552341872,0.0070760057676828,0.0097613464391039,0,0.0686662374120024,0.0042660217930346,0.0683750591213699,0.0025370624266325,0.326503658462223,0.2066920090564014,0.0353304170002957
xgb,feynman_gaussian,100,1600,0.1215201541781425,0.6962007978116163,0.4424418777227403,651.1002807617188,0.0213553309440612,0.0260095279663801,0.048133011907339,0.0793840289115905,0,0.489667103497459,0.0141066395354999,0.4895075496764483,0.0270756216380921,0.2416301902545851,0.1747219320471356,0.0603332499995303
chebypoly,feynman_wave_interference,100,1600,0.0194739247542744,0.0764059926188496,0.0805902747295307,37.52158056864845,0.0478367296373934,0.0647877578163116,0.1172710206300809,0.5655361732359324,0,0.909408379171608,0.0076015291572939,0.9093517151398152,0.0014707707566404,0.91165393207975,0.5006802760033616,0.0610497910001868
chebytree,feynman_wave_interference,100,1600,0.0404219630196947,0.0446045573412278,0.0735894812236095,0.1372561001516283,0.1001180621909359,0.1232562170722366,0.241220256029404,0.8688976552246864,0,0.8833385363588041,0.0078116903963861,0.8832655659358855,0.0049365156304842,1.034853374702322,0.553574772630017,0.1106218750001062
dt,feynman_wave_interference,100,1600,0.073445614733945,0.0873127251354187,0.1549874733899728,0.2564957296501079,0.181980009787475,0.2329456001517283,0.4362094619788361,1.489261504487002,0,0.8728065419374633,0.0109155929282985,0.8727269838714353,0.015333858667246,1.080042532996438,0.589139669685412,0.0841962499998771
ebm,feynman_wave_interference,100,1600,0.0577729664186682,0.0727805152387656,0.1310106860655958,0.4138706446063953,0.1494773461249292,0.1776447857697982,0.3054447328159089,0.6203042625518023,0,0.8456937218460858,0.010668629857566,0.8455972050184682,0.0046918422621828,1.1900762824637563,0.750497080381475,1.6276550829998089
erbf,feynman_wave_interference,100,1600,0.0892778284015271,0.1398255474151782,0.3111969801670713,0.8520305862721823,0.2091398844457317,0.2637601706927789,0.4454224515700242,1.6296264865292858,0,0.9649779264054722,0.0063937918448362,0.9649560204954836,0.0060833082203612,0.5645789192379402,0.329905636853587,3.952916666999954
rf,feynman_wave_interference,100,1600,0.0340445960856154,0.0368337549284046,0.056864269060849,0.2287002134508463,0.0804516262389832,0.1004591974603494,0.195569509540892,0.5298142368090341,0,0.8885496762887867,0.0108920120168116,0.8884799653748156,0.0130569932140903,1.010895229551262,0.5325243596637594,8.601541959000315
ridge,feynman_wave_interference,100,1600,0.0104382847424395,0.0187783124903375,0.0439774333169629,0.1148755214124732,0.0314738927087614,0.0385739112688248,0.0710626024179664,0.1422459807095255,0,0.8415195785998055,0.0106421676980356,0.8414204508929093,0.0002096857871323,1.20608698089559,0.7240789669332607,0.0486656250004671
xgb,feynman_wave_interference,100,1600,0.0922350920736789,0.1160473424685187,0.1970102965831757,1.3479808568954468,0.1926638185977935,0.2772389352321625,0.5196298360824585,2.810696840286255,0,0.9347547377168296,0.0074500387263424,0.934713927544956,0.0384626027591542,0.7730804937391574,0.4187417335685192,0.154995833000612
chebypoly,fiat_500_price,100,308,0.0080794906976103,0.0117650097915893,0.0260424780992723,0.0811657520781201,72.2081217579592,86.14934238944335,146.93696577291814,347.09690475453306,0,0.846439594406786,0.0224759418383811,0.8455602125341276,0.0072038818974786,755.9609596801972,582.3915138299623,0.0379506250001213
chebytree,fiat_500_price,100,308,0.0119862468844749,0.0171195993265638,0.0360018139921534,0.1052215829682825,106.00505259054518,127.23592707393604,225.1763051395939,710.6690662414783,0,0.8449580187859466,0.0182223127075582,0.8440701601781064,0.0096746144393569,760.0938297440338,586.1821613469878,0.0503705000000991
dt,fiat_500_price,100,308,0.0347651142701961,0.0366964175162777,0.0571635166680608,0.1118804362013781,286.4340319310958,291.1571482428438,417.6383063145562,617.7711654522479,0,0.8242199813018376,0.0228541860733545,0.8232133653603839,0.0354252778247108,809.4880739193493,617.4599245123111,0.0368612910006049
ebm,fiat_500_price,100,308,0.0221125739089881,0.0271495063716753,0.0465156747562172,0.1216173770550249,189.6756971166028,209.84722971559935,325.0180209683263,807.2609955346602,0,0.8508211289791705,0.0206255352994543,0.8499668389219425,0.0231328013855068,745.4604585844268,570.7142811834826,4.513176041999941
erbf,fiat_500_price,100,308,0.0205682383885755,0.0255563121861301,0.0500917158173489,0.0930154158053769,182.49627615547857,194.2957003095818,314.1804928649205,511.5107796063645,0,0.8422189476404661,0.021544657166013,0.8413153949431764,0.0182163765579733,766.4893725999972,586.9673100782577,0.7693060830006289
rf,fiat_500_price,100,308,0.0160494121919725,0.0166179061698895,0.0270731238363631,0.0511696989424225,126.90287025623934,132.01297767425078,197.5553888881729,336.2773570143306,0,0.8515227629844659,0.0202638600847516,0.8506724896892515,0.0498944665772894,743.7896772853908,559.9345662080171,2.0498302919995695
ridge,fiat_500_price,100,308,0.005174191613603,0.0076290642930635,0.0140296558593648,0.0607722664551571,48.73640767235367,56.6359631115154,91.80200466767704,196.5628322738176,0,0.8411893919469575,0.0193469413882406,0.8402799456815202,0.0030936244347877,769.467999075846,603.9679622502505,0.0384259579996069
xgb,fiat_500_price,100,308,0.0358076468110084,0.0375909846315353,0.0642115369439125,0.1260239630937576,292.25286865234375,295.41766357421875,453.7189025878906,831.4343872070312,0,0.8346024428339142,0.0185873930365878,0.8336552846952655,0.0862313678426327,785.7918682253865,587.5778936091361,0.0629620419995262
chebypoly,freesolv,100,129,0.0972751819677015,0.2758853877323419,0.7400349213339156,2.98710942345495,0.3102890381729677,0.471302071649,0.8247110667310094,4.607330039421005,0,0.8889299811760809,0.0288500025666907,0.8860396344178734,0.0566160651356284,1.2683586092758157,0.8368630269545221,0.0470393340001464
chebytree,freesolv,100,129,0.0971900449370566,0.3053450694916764,0.5392117798531003,9.096283395396428,0.3099053745957884,0.4412888688973979,0.9223540568162696,4.547159269920781,0,0.8871532899381878,0.0303460338733315,0.8842172746176258,0.0482664371345042,1.2680408014097222,0.82876828568783,0.0487804580006923
dt,freesolv,100,129,0.2199089764356339,0.4724251726937822,1.2239283599791813,3.068589735992119,0.6664747913639829,0.8760563246322599,1.837439551075858,3.0181189066450016,0,0.7879292302976014,0.0168840093429812,0.7824109831042285,0.0930292423565063,1.7595263714367988,1.0659513914839611,0.0360444170000846
ebm,freesolv,100,129,0.1522786590299399,1.1181954287374012,2.362246104490578,44.71943229092986,0.459803268861837,0.5723520304443246,1.015395946646804,4.9978789265212935,0,0.9007833274795554,0.0217889783410073,0.8982020745764487,0.0598878624056498,1.190409382587443,0.8086247434875743,4.78020749999996
erbf,freesolv,100,129,0.1909652138796229,1.5489647701026632,1.6293000126064332,66.77609128360986,0.604799780034705,0.7340346126054238,1.2673271009713345,5.383278789198269,0,0.8880950357934114,0.0264698923895418,0.8851836211408344,0.0677447540126099,1.2641806324458402,0.8304297631902641,0.2629295409997212
rf,freesolv,100,129,0.103965734236884,0.3221296211267231,0.6081586904651094,4.681321669738783,0.2892354650413584,0.4273189175952667,0.9022850447266328,3.0524189404923012,0,0.8804141200770583,0.0185934536495645,0.877302466296117,0.0701538522989144,1.3176768988151784,0.8159716181505949,0.8087214999995922
ridge,freesolv,100,129,0.0792996923505034,0.3228512192456017,0.5096156639622894,17.081348338030395,0.2351048988466854,0.2846212405678097,0.4364396620924966,0.8604819237231494,0,0.8277590357709567,0.0251832185126209,0.8232776809763062,0.0134237777876734,1.5779601085995365,1.2243147914186387,0.034199499999886
xgb,freesolv,100,129,0.1723171174526214,1.4755776464043893,0.8085344195365909,68.8519515991211,0.4194800555706024,0.6347822546958923,1.2649074792861938,4.981533527374268,0,0.8845063151961051,0.0284235712769843,0.8815016882573072,0.0866645153070605,1.280084325102467,0.7942805189134584,0.0612453749999986
chebypoly,friedman1,100,400,0.014269076059962,0.0182008778652404,0.0285359541393018,0.1855384968328136,0.2062118625542572,0.2269917009733126,0.3347634006134786,0.6629769669765989,0,0.923287679596792,0.0100716997385755,0.9230470512391912,0.0043476585297761,1.306824591103677,1.0189491800326476,0.0494539999999688
chebytree,friedman1,100,400,0.0268764512050415,0.0329811828449101,0.0564906957556273,0.2150544666399824,0.3830939179453829,0.4278269094630804,0.7287994688203269,1.2915429833288126,0,0.9482456841285768,0.0058789203901096,0.9480833431126692,0.009061381451242,1.0737860476612398,0.7432683781303304,0.0739022919997296
dt,friedman1,100,400,0.1121862891832184,0.1272713217825664,0.2025926565920168,0.3504687925357068,1.5962517925444608,1.6603499748374737,2.2385231013937914,3.360422928697686,0,0.7520108920035297,0.0197454773515984,0.7512330089797012,0.1169158628410377,2.3520285184249827,1.8677643290815695,0.0513503750007657
ebm,friedman1,100,400,0.0209724449382546,0.0259650413892179,0.0427162114356074,0.1869772039602942,0.2982434489709038,0.3269409936144541,0.4793730048626736,0.7851564852693785,0,0.9204816019275456,0.0098789850328238,0.9202321715697276,0.0069984567428138,1.3308456269883695,1.0309129444396996,1.725101875000291
erbf,friedman1,100,400,0.010487317684841,0.0130387386807059,0.0219832461927836,0.1379183110314105,0.1481515026094009,0.16684837526908,0.2469303858849072,0.8209490453307614,0,0.9983533925414092,0.0006240467307584,0.9983482275242868,0.0004316722964529,0.1888996509605877,0.1350287759496637,0.8448572079996666
rf,friedman1,100,400,0.027657841166309,0.0307005905868923,0.046843853832623,0.0794916356631925,0.3986405360022452,0.4103723302585479,0.5514010817676029,0.8527376513784667,0,0.8829699976775054,0.0092512722934017,0.8826029023126294,0.0442579670929919,1.6164300792786928,1.2823812431527557,3.0956067080005596
ridge,friedman1,100,400,0.0097774058979239,0.0108255330677345,0.015089787535346,0.0338756875864171,0.1443034303792147,0.1449304006235173,0.1806964523330489,0.2298457215698009,0,0.7416597863645437,0.0105540050636995,0.7408494343769794,0.002184485310869,2.4020390782123826,1.8781468049017036,0.0346617919994969
xgb,friedman1,100,400,0.0520646814256906,0.0571127554448321,0.0862602218985557,0.1645477414131164,0.7364110946655273,0.7493464946746826,0.9480673670768738,1.29561185836792,0,0.9615898796172732,0.0114050565512825,0.9614693961781808,0.0307393157004909,0.9153259599828204,0.7164032357676545,0.2115689580004982
chebypoly,friedman1_d100,100,400,0.0417402997725382,0.0446145104789258,0.061495928850036,0.1078295952032429,0.5984648292732428,0.6116231552758621,0.7622978909636831,1.0310803401951858,0,0.2650214960899276,0.2926913625890399,0.2567641316412768,0.0348076072622802,3.935908661194682,3.1811725630717653,0.0970524998847395
chebytree,friedman1_d100,100,400,0.0737956537022192,0.0812118462429537,0.1223726583630044,0.1980613473444608,1.0459510262169185,1.100681403043164,1.4628912708010378,2.3738971327288394,0,0.1918803783871336,0.3173979282099599,0.1828258647156349,0.1194945160560684,4.118032677281791,3.3448684750539983,0.0995570828672498
dt,friedman1_d100,100,400,0.0649649198089061,0.0660284408789057,0.081225218105115,0.1139193404352244,0.9843195217717238,0.9475543517026424,1.1616118298109128,1.5116648208418924,0,0.1888546058299174,0.2761546741509122,0.1797159200487675,0.11181815670487,4.182610437873064,3.3797140382657105,0.0871233327779918
ebm,friedman1_d100,100,400,0.1285081138478292,0.1372645347485894,0.181505978053784,0.2671851861173364,1.8655342814215317,1.8959908158913787,2.176308704517447,2.7701461189758803,0,0.263123980195414,0.2911620720736821,0.2548523882509595,0.0546982348140994,3.943142413318049,3.1990242670779496,6.235870624892414
erbf,friedman1_d100,100,400,0.0482931675402176,0.0500863559177461,0.0616800859269243,0.0816249264596132,0.7001613464991809,0.7049931201074636,0.7916312830279156,0.9556829600266248,0,0.2522665151111799,0.294972766479516,0.2438620551247104,0.0672853544592118,3.976067820799076,3.219269663238238,1.104491624981165
rf,friedman1_d100,100,400,0.0448567135876716,0.0463790898525801,0.0634944273949701,0.088313070542364,0.6403214827864687,0.6459367586347959,0.8179259695668849,1.133217106325724,0,0.2458141708670178,0.2915779002434944,0.2373371173404109,0.2813829851741263,3.998565992388768,3.2320309384882493,12.75644216593355
ridge,friedman1_d100,100,400,0.030460295708129,0.0311570631061699,0.0406904985485507,0.0534557782380757,0.4343380623868057,0.4373164980769535,0.5421472237867145,0.70567510149753,0,0.2201016327984372,0.2878080834670479,0.2113439218772688,0.018386985593798,4.078543251897839,3.2847432492763304,0.0665007920470088
xgb,friedman1_d100,100,400,0.0488437321037054,0.0510449941130355,0.0713710263371467,0.1140654310584068,0.6913655996322632,0.7152954339981079,0.9511247277259828,1.418460488319397,0,0.257573112108944,0.310646671038074,0.2492649926331127,0.0989085968563855,3.93034516729924,3.176196223613902,0.0807760830502957
chebypoly,healthcare_insurance,100,268,0.0795368624934885,0.2702548898329198,0.2306071710845063,42.85472463049949,806.7097673018334,868.9678880529386,1170.7772326200436,2396.652675459967,0,0.8335159176927546,0.0438958070393326,0.8325765638505231,0.0176337133771218,4830.54061381716,2931.3813063821713,0.0454615419994297
chebytree,healthcare_insurance,100,268,0.0955644535202603,0.1117110250641734,0.2236619287824723,0.3407398851248527,835.3649746118645,893.7202701035309,1277.7425588328729,2315.0944905162523,0,0.8565475057542222,0.0407017102741736,0.855738106232474,0.0169847795969881,4480.216503921509,2430.1535682195527,0.0609438329993281
dt,healthcare_insurance,100,268,0.124937125260951,0.1426970199828287,0.2758391503071422,0.363772553715769,1118.601973339581,1201.6373265466889,1869.1085152617256,3016.637060797762,0,0.8412249361780482,0.0393159820107551,0.8403290760981044,0.0249029554601869,4723.368337033036,2792.8085386209814,0.0373021250006786
ebm,healthcare_insurance,100,268,0.1467801766987835,0.9263253147780603,0.5736901642218,176.20583072579493,1431.2677608352565,1554.9938137059758,2315.642001168848,3707.088647046706,0,0.7385418688609952,0.0437698694510581,0.737066615926271,0.0228205759509658,6082.049007138058,4301.514895665298,1.6095556249993024
erbf,healthcare_insurance,100,268,0.1455835166022147,0.1887563402267706,0.3595536088709549,0.7904233316221335,1459.932617222297,1582.5797010468643,2255.646627006687,3354.699931901162,0,0.8396557011704282,0.041196233711108,0.8387510073797646,0.0229268416989213,4748.208591163,2818.7275783925106,0.5536077090000617
rf,healthcare_insurance,100,268,0.0613484862405165,0.0677048584414906,0.1057161911658892,0.1404092652098732,608.9041036119877,644.3763936514197,905.845972896527,2220.693261899787,0,0.8556976396030889,0.0385303124688768,0.8548834442732108,0.0244367686323228,4498.958982143737,2538.9026997908304,0.6532083749998492
ridge,healthcare_insurance,100,268,0.0424803182988911,0.1005936783902231,0.1880675463500249,3.0134095125487437,475.5200652006937,513.8352867823075,736.0292710779264,941.8543200359164,0,0.7349685111212297,0.0495918396781025,0.7334730931050876,0.0149788172002676,6114.458740716154,4238.081208815175,0.0348694590002196
xgb,healthcare_insurance,100,268,0.1282801404595375,0.1643741314591311,0.3148649454116821,0.6141736507415771,1338.47314453125,1366.4327392578125,1817.740966796875,2653.33984375,0,0.8457153736772579,0.0366538716604047,0.8448448632678479,0.0440454624118075,4664.736695567464,2803.7775040590077,0.0483437499997307
chebypoly,lipophilicity,100,840,0.0692275438451181,0.1485508343774744,0.2156484601508766,12.327066018386908,0.1527180282024073,0.1909853450738932,0.2930457929784849,2.8993963530939943,0,0.3337110563141293,0.0278753050003985,0.3311223664552182,0.0948767075821617,0.980784611664698,0.7598852561183989,0.1239899160000277
chebytree,lipophilicity,100,840,0.1218400876014434,0.2012109757902246,0.2540550463909106,32.54471897317389,0.2524249865368048,0.2774367919086243,0.413776788805235,0.854156179823616,0,0.3312312092007775,0.0249875144384801,0.3286328845503322,0.0795634818389093,0.9827725291572732,0.7721776672636007,0.1116872499997043
dt,lipophilicity,100,840,0.154315969173201,0.1831409287223835,0.2732034736999425,0.9334003902088496,0.3363076374196009,0.3400211954173104,0.4430662555834792,0.6455874080039078,0,0.2954681689791439,0.0218026923426914,0.2927308964736834,0.0713738927984246,1.0088265422804303,0.7951732357564011,0.087732999999389
ebm,lipophilicity,100,840,0.1576623295249244,0.2371051193574271,0.3696102691187894,4.927814756911133,0.3564398333308122,0.3755609596537563,0.4841150056180154,1.452438145248837,0,0.3452011876695656,0.0122494698400352,0.3426571396838228,0.13504574410565,0.972607070171964,0.7615161625631987,6.583641666999938
erbf,lipophilicity,100,840,0.1316738414970846,0.2110195579629057,0.3051986462350142,9.319729406073012,0.3077648903898233,0.3104360949297766,0.3890740614130753,0.5324083314050178,0,0.3894009326053703,0.0105718716957348,0.3870286110643869,0.1143415040332792,0.9392126926171012,0.7302643887987147,4.684825124999406
rf,lipophilicity,100,840,0.0692079697424959,0.1386772117857831,0.1489440219569647,23.830273799395577,0.1516679774426209,0.1592417713952415,0.2191808638188904,0.4087322948706456,0,0.3991008266524082,0.0191379670119152,0.3967661914899699,0.1279667744287195,0.93153379219186,0.7275354291382458,12.705149291999987
ridge,lipophilicity,100,840,0.0280611482381249,0.0348693061052343,0.0531528830084661,0.5153154288405827,0.0629309207553629,0.0667323087230239,0.0894074988468577,0.3219048863891673,0,0.2497198024451557,0.0063441638659629,0.2468047867343927,0.0078788254991138,1.0411206724649824,0.8341851105137655,0.0449536249998345
xgb,lipophilicity,100,840,0.1496850699186325,0.2685450690709764,0.3760440766811371,20.45846939086914,0.3400737047195434,0.3515656292438507,0.47911536693573,0.8745721578598022,0,0.3921114618234632,0.0170943178845146,0.3897496713284558,0.3924800630566286,0.9369163436653014,0.7063343045215787,0.2327347079999526
chebypoly,pol,100,3000,0.028118369871943,0.5758095582964643,0.316759132027578,635.4538241942723,0.7928504543993529,0.9458875133066136,1.4171618926844554,12.694126105119953,0,0.1667713038977184,0.0692385538453711,0.1666323977218241,-0.0006003564546621,38.048629780690206,31.857187215112283,0.1308194999583065
chebytree,pol,100,3000,0.0644526435521788,0.6702097857287914,0.7397752720211949,232.19287503514695,0.8889880506449414,1.6266546533736548,3.232591430447457,25.71169557991001,0,0.167560424897581,0.0709623311097661,0.1674216502747415,0.0017179054769279,38.02872512147957,31.639831247790305,0.0954030000139027
dt,pol,100,3000,0.0727789347018416,0.2947204733295295,0.7210836487240424,5.731885188761719,1.183424947932486,1.7688440191571069,3.5022019263576927,16.457888788257165,181,0.1667485608859931,0.0687113172409451,0.1666096509186489,0.002556523486715,38.049549529486654,31.57254660722565,0.0672878329642117
ebm,pol,100,3000,0.0496262108379462,0.1768268448516917,0.3425737229611549,10.89536282225288,0.8731039232962494,1.2902434705718038,2.2336336908844987,3.795212804366006,0,0.1631873435629035,0.066138749284869,0.1630478399109176,0.0003452706916339,38.133614422379615,32.17214098509412,1.31450429209508
erbf,pol,100,3000,0.0461501360961152,3.1827288272195764,2.121915812727027,1341.5335372193754,1.016089141334691,1.4123837417036376,2.173692817633643,9.209415906530202,0,0.1686989341314336,0.0716219953228531,0.1685603493075828,-0.0004968896267294,38.00208435751075,31.61742790927185,3.779599792091176
rf,pol,100,3000,0.033909199275088,0.1044917853617369,0.3026380145674172,0.7058802213961111,0.9132900055132356,1.200098060611567,2.2717070875699865,6.184701399137222,0,0.1682936246494739,0.0699813969791078,0.1681549722571507,0.0011089661133328,38.01298401466748,31.68381746844263,3.714834082871675
ridge,pol,100,3000,0.013159304420735,0.0403182021260918,0.0446280033055478,5.409707850723608,0.5045404556393613,0.4623170235778771,0.5743306854396643,1.3493669157610126,0,0.1327255660612141,0.0523903870345904,0.1325809841767531,-0.0010824270063434,38.83301507300852,33.94075247644865,0.0519925418775528
xgb,pol,100,3000,0.0786705687642097,0.6121164518309137,0.6237377524375916,373.2489318847656,1.5935121774673462,2.0010547637939453,3.696932792663574,5.900039196014404,0,0.161077506783986,0.0662680859913819,0.1609376514046052,0.0043384367051971,38.18169931104459,32.195253821399305,0.1387520001735538
chebypoly,power_grid_stability,100,2000,0.0670754017548377,0.4005410766652056,0.3631498911187431,389.24444627529954,0.0017658495699774,0.0018356782422039,0.0024753503545651,0.0042098937012643,0,0.8947502152440565,0.0041231426158432,0.894592083603006,0.0048759184667123,0.0119715019819934,0.0090498473856948,0.1852964999998221
chebytree,power_grid_stability,100,2000,0.2824972414086774,1.306070688515962,1.597805008807158,173.0896577138929,0.0072215412360442,0.0073897960715028,0.0112871397820299,0.0189467912150295,0,0.8965186299077427,0.0073378479744674,0.8963631552062145,0.0253440260982577,0.0118640538018261,0.0087726356798324,0.3511482080002679
dt,power_grid_stability,100,2000,0.5663497314915977,3.0538667477570596,3.2962673435155256,788.5678047690764,0.0124958277013669,0.0131447002938473,0.0190238424230909,0.0291795852185469,0,0.6894931044591754,0.0288968920312678,0.6890265860234059,0.0477630236007606,0.020541248218005,0.016173577236362,0.2458901249992777
ebm,power_grid_stability,100,2000,0.1543224282083613,2.062854906503203,0.8325401146545776,2635.395247539625,0.0040038755263036,0.0040556270173364,0.0049749122154557,0.0077769028988993,0,0.7848118706788644,0.0042596713290053,0.7844885631100834,0.0076716213166198,0.017118060682682,0.0133009497094485,10.36368204199971
erbf,power_grid_stability,100,2000,0.1918306831264418,1.0541242274639666,1.039866903316393,739.3200530530484,0.0049008754021863,0.0053753916814514,0.0078916145496123,0.016760723537631,0,0.950853372837507,0.0031774419103435,0.950779532906876,0.0049347813750783,0.0081774256624552,0.0058992686678213,8.49235704199964
rf,power_grid_stability,100,2000,0.1670611389629495,1.1749438410155932,1.0061722722044186,790.5799800572426,0.0034132208818692,0.0036114219706931,0.0052495813238315,0.008841078818633,0,0.814782985793253,0.004539161991826,0.8145047080706437,0.0316474420017838,0.0158824190854212,0.0126317865216084,37.21181549999983
ridge,power_grid_stability,100,2000,0.0376728121910095,0.4804040373148165,0.1956308589183948,538.7204025360138,0.0008748981429792,0.0008762029264962,0.0010425780458237,0.0013342803456477,0,0.6456576471563643,0.0074660648147759,0.6451252685118014,0.0014027231202883,0.0219671128380279,0.0174342061490401,0.0789357089997793
xgb,power_grid_stability,100,2000,0.2560393214225769,2.337814992910251,1.6134188771247866,905.9893188476562,0.006817421875894,0.0068741552531719,0.0088755097240209,0.0142525844275951,0,0.9257321737808972,0.0113383837145371,0.9256205907190932,0.0565225628510731,0.0100297495711017,0.0076376597081838,0.9471009999997476
chebypoly,power_plant,100,1914,0.0006473821706222,0.0007603857844461,0.0011124549026745,0.0072797776450549,0.2917059746381779,0.3460053210335378,0.513813725805768,3.359999216649872,0,0.941195269286792,0.0022116994046347,0.9411645192734766,0.0009253784433241,4.136415386849852,3.183360171644052,0.088240584000232
chebytree,power_plant,100,1914,0.0020152525088045,0.0022005677976559,0.0033218817551198,0.0077929291619031,0.913013686225236,0.9987020851024244,1.5260427956851288,3.6739431420202866,0,0.9440962521156048,0.0033068333877857,0.9440670190696596,0.0051922569622888,4.0318111938973775,3.041932376899156,0.1922455839994654
dt,power_plant,100,1914,0.0030796759912074,0.0033813965924291,0.0049727344116042,0.0093679103351492,1.3971773060189951,1.5357793579777357,2.2727615069707365,4.266942191556288,0,0.9387457464213156,0.005827086028967,0.9387137154919528,0.0071817400048719,4.217011897553885,3.2208513854928795,0.0987051660003999
ebm,power_plant,100,1914,0.0023043408046214,0.0024329913091459,0.0033352628317584,0.0069929407837657,1.037328535897284,1.1070732806907322,1.5368790093042357,3.312481542009101,0,0.9524669780701428,0.002703311355364,0.9524421222249296,0.0058039003047446,3.7178000791990393,2.773062793404166,4.2787808749999385
erbf,power_plant,100,1914,0.0022586670685774,0.0023736227737984,0.003104615733962,0.0069952691882972,1.0259076976474484,1.078683495989983,1.421551797324411,3.2502949253412905,0,0.9476514778687528,0.0025574217817613,0.9476241039263515,0.0035815527068364,3.902433046686157,2.9279771975107765,5.9013228330004495
rf,power_plant,100,1914,0.0009847012860145,0.0010485061158948,0.0014220857693865,0.0028136836122969,0.4452730526628605,0.4769160136237672,0.6561120162109125,1.351098899995815,0,0.946863096359842,0.0026423443288831,0.9468353101646546,0.0051974714327539,3.931294445661361,2.993095289513744,9.568571625000004
ridge,power_plant,100,1914,0.0002441566987563,0.0002524277856712,0.0003384538644529,0.0005563484788441,0.1105873149036055,0.1146051345063714,0.1537356915211539,0.2664243154588567,0,0.928522650410104,0.0031329522004348,0.9284852736459208,0.0001818075680953,4.560097488035381,3.627464381373118,0.0452530000002298
xgb,power_plant,100,1914,0.0025945035740733,0.0027790451376716,0.0038637917255982,0.0121798412874341,1.1665936708450315,1.264496922492981,1.7690552473068235,5.853221416473389,0,0.96080464961406,0.0031387397913275,0.9607841537081856,0.0219585459875131,3.374482353606395,2.436302723756848,0.1951930840004934
chebypoly,qm7,100,1367,0.0089307779339547,0.0120119841734631,0.0201518548160128,0.1285482207157335,14.009109473916691,17.66628500995408,27.841925174345302,123.80562096611423,0,0.7739257068920595,0.0260795160994209,0.7733452008555267,0.0295618557731697,105.69338611180628,55.539286980671235,0.2149632499995277
chebytree,qm7,100,1367,0.0074522524769398,0.0098957314147073,0.0154794641605922,0.0896410722285858,11.55929241142873,14.809178393767477,22.12443588865,156.5406971344959,0,0.7689279970753178,0.031062855668093,0.7683346592003601,0.0236559750856695,106.78518266619928,57.38437136895451,0.0974647499997445
dt,qm7,100,1367,0.0248831841731092,0.0272344390140194,0.045537547615226,0.0961234760525257,38.16613813155856,40.83382945964795,63.52684903049567,146.21708645054636,0,0.7376936139648136,0.0290768792834886,0.7370200743153936,0.0315827689348591,113.86169558714036,67.84200359746379,0.095004957999663
ebm,qm7,100,1367,0.0151077704406404,0.0184465891163108,0.0308503903321804,0.100815473394144,22.66022315229525,27.655336909542488,46.63968285873902,187.7699683188452,0,0.7713335467878054,0.0283241213005532,0.7707463857457604,0.0336684424716149,106.26759553290808,56.93068009833674,8.06419704200016
erbf,qm7,100,1367,0.0156119112673745,0.0190735328429875,0.0316849110651091,0.2116972375161867,24.23916648843102,28.257976187600207,45.24455128468526,196.9713284145949,0,0.7855933230144541,0.0264934779650922,0.785042777288497,0.0291618576076263,102.90513170265622,55.10784931028238,4.862815833999775
rf,qm7,100,1367,0.0078871308203484,0.0089586614469195,0.0162985908422764,0.0384977186065718,11.669132733508729,13.376632511000496,24.998896447715016,46.316283271004565,0,0.7719601761697905,0.0309608153212598,0.7713746241755691,0.0207506047235501,106.0712782459824,58.49653926014746,12.161909041999934
ridge,qm7,100,1367,0.004030857698107,0.005061525663229,0.0082803817422222,0.0376660895638237,6.382790912933875,7.384192908799068,11.06070838844582,29.375229551575156,0,0.7462601394985928,0.0275387125920176,0.7456085944752125,0.0036202331593256,112.00311600594084,58.89217648545607,0.0612106659991695
xgb,qm7,100,1367,0.0148890232667326,0.0206560210584395,0.0423476874828338,0.143805906176567,22.58301544189453,30.5217342376709,60.45530700683594,229.47364807128903,0,0.7791666294058365,0.0312559169861843,0.7785995812876816,0.0641967194936105,104.37149598760972,54.22867217033803,0.1493173750004643
chebypoly,qsar_fish_toxicity,100,182,0.0283520333690812,0.0383962122211226,0.0708713014272622,0.2315008591408241,0.1133523339863882,0.1438960295073215,0.2518527932859518,0.5450115280204507,0,0.562400435697798,0.0662676133288742,0.5587469137509824,0.0743434769591083,0.9567031493002416,0.6884109682990822,0.0371279579994734
chebytree,qsar_fish_toxicity,100,182,0.0476958099629676,0.0556144980576609,0.089035324678778,0.2295690926172114,0.1824304104617891,0.2133385931120088,0.3098856493103581,0.7198612927343294,0,0.5680343586952386,0.0622731064940159,0.5644279009054782,0.0860387529181533,0.94987843430112,0.6923726872023612,0.0393397919997369
dt,qsar_fish_toxicity,100,182,0.0963734526911721,0.1126292241694768,0.1879035738354098,0.2695518039817609,0.3899500149972099,0.4254816317343819,0.6356732789807324,0.8154688738330436,0,0.5020427765067172,0.0657054723237164,0.4978852836626955,0.1424428133566433,1.0205781777358407,0.7415584201880502,0.0367746250003619
ebm,qsar_fish_toxicity,100,182,0.0632640529573394,0.0782725061965234,0.1312321451919658,0.3186890947177403,0.256373092546086,0.290689201145089,0.4568937683627158,1.2794525952016194,0,0.5879296157808058,0.0353266008543065,0.584489164953599,0.0811001320831493,0.9301852977964084,0.6777585944196739,2.7523270830006368
erbf,qsar_fish_toxicity,100,182,0.0483084488349303,0.0545530055807933,0.0871110547485009,0.1491149840643409,0.1937456955602662,0.2049469195685058,0.3032976859532064,0.4974555911257317,0,0.6144552424343399,0.0299174371292827,0.6112362421981072,0.0839117112921603,0.8999074119971174,0.6470587480795988,0.6197496670001783
rf,qsar_fish_toxicity,100,182,0.0404907430315545,0.0473872939493318,0.0794985030524651,0.1389462937141185,0.1610597216534241,0.1771933447546006,0.263859104894956,0.3698065122477061,0,0.6184931211236316,0.0333007126736827,0.6153078692595567,0.1670191084491504,0.8950529932717185,0.6469992416032511,1.9097303749995265
ridge,qsar_fish_toxicity,100,182,0.0206090761692226,0.0252355678507415,0.0417396997975293,0.0860686383002375,0.0831571314832931,0.0987868171204895,0.1524336075477869,0.2897000613651881,0,0.5600410491135975,0.0686440034870537,0.5563678328010324,0.0178613859282504,0.9587805651367955,0.7009159983872607,0.0356389580001632
xgb,qsar_fish_toxicity,100,182,0.0706074982881546,0.0800929911803085,0.1254484191536903,0.1783675551414489,0.283867210149765,0.3122219741344452,0.4941340088844299,0.9461118578910828,0,0.5554202837302322,0.0745513608034005,0.5517084255284838,0.2621950631405587,0.9626308705728756,0.696685345164695,0.0520197499999994
chebypoly,student_performance,100,130,0.0490815170720439,0.0532277660222762,0.0742334302226067,0.1156881134836448,0.6089422502831434,0.612623005797963,0.7319101108202695,0.995427468569698,0,0.2127594953369717,0.0662390279516648,0.1798028776421044,0.1390822315917208,2.822209017845192,2.087873763384525,0.0939117919187992
chebytree,student_performance,100,130,0.0578763025625721,0.0753524428372557,0.1521249275858349,0.2928868173585471,0.712184850318602,0.816960904282137,1.3895312279138377,1.9450941038182856,0,0.2097140647585896,0.048976374485648,0.1766332546792275,0.1542552387550785,2.831319583028095,2.1205074845474514,0.0565481670200824
dt,student_performance,100,130,0.0763446847803637,0.0823431382413324,0.1315365602750539,0.190913450104167,0.9446045596001998,0.92842523731422,1.4365609533221622,1.6149545379173498,0,0.1646386497533007,0.0267051315418467,0.1296631540709362,0.073678295101958,2.915481373624556,2.1903000267958017,0.0410205000080168
ebm,student_performance,100,130,0.0484840062772063,0.0535885404949823,0.0783060520230545,0.2052784205828221,0.5995739749234641,0.6152027710251786,0.7845585015470411,1.3712273867270417,0,0.2265390233472314,0.0585583077059005,0.1941576689818438,0.1043516611921617,2.7988782130185785,2.0765793267059593,3.4655431660357863
erbf,student_performance,100,130,0.0416764311029116,0.0440930168259768,0.0578560661076271,0.0803034111031849,0.5215963635094083,0.5227703071783082,0.6363580901331579,0.8190562891253819,0,0.2203834314534317,0.0843432704486111,0.1877865592771981,0.1988484663695706,2.8001334602908994,2.0388194589697095,0.6984970839694142
rf,student_performance,100,130,0.0381763606802791,0.0417492988187809,0.0584546656316286,0.1275996713080729,0.4594690610338727,0.4892516790851574,0.6576817606462918,1.2300319333326222,0,0.2373279638652972,0.0661295222403968,0.2053203775665732,0.3489652480385776,2.788109531847167,2.053106620471941,0.6791562919970602
ridge,student_performance,100,130,0.0353760239030158,0.0389245563257777,0.0532433502460355,0.1099161763038478,0.4391409612912704,0.4490665145058653,0.571228011796066,0.7976261064694742,0,0.221034342525816,0.0501002412983196,0.1884400497669183,0.0848802598251428,2.809377785166807,2.059504731966313,0.0442147920839488
xgb,student_performance,100,130,0.0350927580147981,0.0473976275955255,0.0970064796507358,0.2119592428207397,0.4289365410804748,0.53143709897995,1.046358585357666,1.8031740188598633,0,0.151748297706748,0.0870873384557354,0.1161931956137502,0.2800868487814075,2.929098876589286,2.1824767325474665,0.0397757079917937
chebypoly,sulfur,100,2017,0.0344980568252724,0.058133323051755,0.0820714585426978,5.823727272138468,0.0025169576451582,0.0036717043616874,0.0059581372661522,0.0698816342879944,0,0.7640149886172949,0.0425330424181703,0.7638392686372522,0.0115279591699204,0.0257109285381525,0.0131761576714311,0.114369040999918
chebytree,sulfur,100,2017,0.067204872526389,0.0889447543890239,0.1611547569713123,1.0229517235550605,0.00477375195004,0.0072434987552651,0.0131548477975139,0.2756562406216993,0,0.7907018794589428,0.0278192548638181,0.7905460319269503,0.0318178709099792,0.0241334582019029,0.0124288688752793,0.284743583000818
dt,sulfur,100,2017,0.0644361756958356,0.0743621416214785,0.1231890107507563,0.3066082903061737,0.0047007837991051,0.0059651244951775,0.0089222275770012,0.0618805514148532,0,0.7166181394442128,0.03876538629943,0.7164071270124599,0.0087572678474311,0.0281637858409109,0.0131746181424531,0.1468890839996675
ebm,sulfur,100,2017,0.0496197073180879,0.0666555386480221,0.1189870748369648,0.7875502333984116,0.0035698662012489,0.0049999164312714,0.0088745911168651,0.0679787936047236,0,0.7484059746917381,0.0470041870764784,0.7482186318444684,0.0201837680275757,0.0265338206276391,0.0129355118022308,2.9524276660004034
erbf,sulfur,100,2017,0.0579895405755567,0.0929755990493811,0.1367227374774134,5.896272253312018,0.0041703387032953,0.0057908883752682,0.0098506266698039,0.0971934126019061,0,0.7792308386497114,0.0375616423820173,0.7790664484054799,0.0360803515827133,0.0248308063437804,0.0133130916374577,2.3758639999996376
rf,sulfur,100,2017,0.0243498306849736,0.028349522696141,0.0469273808013859,0.1563309351416767,0.0017095336966013,0.0024513851802069,0.0033042697053015,0.0252967299870978,0,0.7315825611523443,0.062332936106197,0.7313826907865806,0.0076132528310793,0.0274080537651556,0.012267185298701,7.722153583000363
ridge,sulfur,100,2017,0.0189874978240072,0.0601252217648989,0.0432105620502588,16.488608840654805,0.0016147386964715,0.0019229245438384,0.0031277590323991,0.0241331762532388,0,0.3929678266342179,0.0415250813487005,0.3925158174145936,-0.0036910724312078,0.0412246625197743,0.0186992264887035,0.0624807909998708
xgb,sulfur,100,2017,0.0393807329237461,0.0569318735078124,0.104019196331501,0.6639156937599182,0.0028464160859584,0.0049930140376091,0.0078575192019343,0.1690746694803238,0,0.8281368843305819,0.0216812067920653,0.8280089113425737,0.1091006829045921,0.0218180311484757,0.011437011781603,0.1348723749997589
chebypoly,synthetic_multithreshold,100,150,0.0786959367910126,0.1443674786817099,0.2450944022193634,1.7560324231485174,0.2363051398430817,0.2633411117112118,0.3714693793623186,0.7977626548741586,0,0.8590270421775312,0.0149876264205191,0.8576006716093442,0.0360080197098566,0.7968244940751202,0.6036345209125475,0.0387641669994991
chebytree,synthetic_multithreshold,100,150,0.1245954703381512,0.2515095400539893,0.4841285635487878,5.683777289714357,0.388398832849723,0.4222032644284899,0.7209462363808499,1.5281707441715482,0,0.93164255519569,0.009454667126847,0.9309509115720376,0.0370567785324006,0.554194709396378,0.4031182507624912,0.1457318749999103
dt,synthetic_multithreshold,100,150,0.044361338228677,0.1418364107194077,0.3216046746726655,1.2829342390724945,0.1503641242787836,0.2045295931372112,0.3408664250373197,1.3667897941320053,0,0.9581940165071192,0.0137299547444171,0.957771021733161,0.0204745091561776,0.426711007989024,0.3020293709936957,0.0361729999995077
ebm,synthetic_multithreshold,100,150,0.0519136512127863,0.1149691518559357,0.1909240330654231,1.4712707257967832,0.1701389959351479,0.1906858866917095,0.2220151972118966,0.8560531085725445,0,0.9634148274462324,0.0078218998708533,0.9630446570662616,0.0210521982966095,0.4033152045941054,0.3051424265003123,3.7202139170003647
erbf,synthetic_multithreshold,100,150,0.0864340963522215,0.1564125045547235,0.2478256122107928,3.9330038116451624,0.2775503020261382,0.2871586204956508,0.3619743533472081,0.4514119756706639,0,0.8894884359191394,0.0225070886676849,0.8883702750684055,0.0298570004940071,0.7030195982040781,0.5260874261319083,0.3419961669997065
rf,synthetic_multithreshold,100,150,0.0385146727144473,0.0776491009440517,0.2169223901847222,0.5156073765122238,0.1146175246011944,0.1391433892020888,0.2127453364097752,0.9595958106671784,0,0.9662286014987884,0.0073826980486948,0.965886901008051,0.0224744330509436,0.3872111598479216,0.2881777796013966,1.9566186669999297
ridge,synthetic_multithreshold,100,150,0.0390300964320545,0.0830605346289011,0.0878473318510659,2.9182605238349746,0.1370506893659116,0.1400517864297373,0.1812863798295142,0.2364662188132912,0,0.5729652832291542,0.0450215531868982,0.5686445272415909,0.0191124170610891,1.3852439292039234,1.1385704832813814,0.0339965829998618
xgb,synthetic_multithreshold,100,150,0.0525256711989641,0.1101005786719421,0.2350300386548039,0.949682891368866,0.1533344089984893,0.1875722706317901,0.2597059309482574,0.8910911679267883,0,0.959683416177658,0.0092561468495764,0.9592754912148688,0.0252373432331094,0.4237709403093753,0.3177769468440523,0.0614022079998903
chebypoly,synthetic_piecewise,100,400,0.0602396193909771,0.4028657133950187,0.3229870694320774,44.09594850615971,0.0500616215774229,0.0656214226028841,0.0953985849709016,0.5906301238290255,0,0.9551861145077108,0.0051180477857555,0.9550455439760536,0.0043845557417353,0.3398446626608981,0.2693769693115995,0.1608173750000787
chebytree,synthetic_piecewise,100,400,0.1787514476331489,0.6102066518329005,0.8353031707881469,28.798024646850443,0.138188481497467,0.1507600891892068,0.2250254392614865,0.5041994132505248,0,0.9519500984216084,0.003826523941866,0.9517993772748756,0.0110374076985394,0.3524199243707842,0.2803328647732314,1.124532042000283
dt,synthetic_piecewise,100,400,0.3021190424229475,0.936089969059572,1.9989850523080803,28.273869682362925,0.2450858819904224,0.2928798132568054,0.493086622451164,1.1438651966980784,0,0.9024968294385808,0.0186151981475772,0.9021909851143606,0.0315790104351388,0.4993465655976241,0.3762943935366863,0.05213433300014
ebm,synthetic_piecewise,100,400,0.1249341837252221,0.864378367502011,0.9141182565804165,104.24184217432028,0.1268325761122697,0.1334804491440474,0.1743815814648366,0.2962988669292398,0,0.9199398783728604,0.0099685372172251,0.9196887487567148,0.0102030639577339,0.4539437615471226,0.3558227736464751,2.638493083999492
erbf,synthetic_piecewise,100,400,0.1048955745325685,0.6982312632266303,0.9880145401902918,22.764733164540107,0.0931850932871835,0.1079622239251513,0.1425021330608071,0.9119213731660442,0,0.95989781806424,0.0034599839523869,0.95977202702931,0.0054519183426015,0.3218166213839383,0.2547622626354076,0.6807426249997661
rf,synthetic_piecewise,100,400,0.1054772356822768,0.7143237800377158,0.7207558502497379,52.58944792784581,0.0932048597176195,0.1043037299997762,0.1638147591049671,0.3144106968755993,0,0.9347614442961396,0.010788981623556,0.93455680641752,0.0222105993343996,0.4097727966326661,0.3025626664178514,3.983886292000534
ridge,synthetic_piecewise,100,400,0.0369142486419672,0.130836443237381,0.1750073961742013,11.647544139285651,0.0441792758983372,0.0472881054565892,0.0672771025326351,0.1347794667190462,0,0.7912934814235757,0.0174221194790039,0.7906388185673134,0.0028131662101695,0.7343314487441669,0.5718390807626141,0.0377359580006668
xgb,synthetic_piecewise,100,400,0.1666444912552833,2.6931068945955485,1.407343983650208,761.2142944335938,0.1480748951435089,0.1678186058998108,0.2552304565906524,0.5897335410118103,0,0.9351083413123036,0.0111373590421785,0.9349047915673608,0.0430793538614112,0.4081773523657375,0.3153841080780069,0.0851140830000076
chebypoly,synthetic_step,100,400,0.1144125670812021,2.536146907633392,0.9122840207740418,791.4002574639534,0.1765924917378497,0.2087138596445537,0.320280594776542,1.0789665039525145,0,0.8449499266423757,0.0066803286821932,0.84417029082411,0.021103543028929,0.8547283098769445,0.6723193073800414,0.0611980419998872
chebytree,synthetic_step,100,400,0.1287401279039506,2.045925947617925,3.6077681951156753,178.28519513897987,0.2031797301723711,0.231333884577623,0.3090284295405755,1.058423141777498,0,0.9326129033518256,0.0083943436157187,0.9322740618853358,0.017581882885875,0.5631601294739121,0.4386084735552101,0.1102481660000194
dt,synthetic_step,100,400,0.0460746174978901,2.0238142672322232,3.636665003411309,119.99266422012312,0.0887093042442223,0.1104030742806307,0.156148369768773,0.8636613232894216,0,0.9378644768137396,0.007998602798348,0.937552041750578,0.009669478887363,0.5406577494919741,0.419736836129413,0.0503740419999303
ebm,synthetic_step,100,400,0.1055684492376203,1.199064067619117,0.9817296841067304,288.8281620679501,0.1925100272550576,0.2064226006593691,0.2449320478313182,0.7234670895745433,0,0.9236375300095028,0.0042616877264357,0.923253557815962,0.0130968417384861,0.5999454186645479,0.4780656476208217,7.647888375000548
erbf,synthetic_step,100,400,0.1743891285395914,1.6520431322419271,3.417490010681682,53.166432229105375,0.3056913575557384,0.3122145792166778,0.3984367140333023,0.6353950014194273,0,0.877770288065854,0.0167734745875701,0.8771556823490261,0.0170653395626739,0.7569016319923642,0.5883607120086399,0.6706475840001076
rf,synthetic_step,100,400,0.045972150007131,4.71522677185569,2.484882364059943,1085.45522815367,0.0607490224541709,0.0765857245823758,0.1088049634509933,0.4407820662640547,0,0.9392944247227012,0.0062081266539103,0.9389891798438712,0.0146650709276483,0.5346588327101214,0.4211760794143463,4.83562662499935
ridge,synthetic_step,100,400,0.0539469773700326,0.2146560953094178,0.3006456057139468,13.886729063502678,0.1015764017436714,0.1048776404773082,0.1408352120521415,0.1991340178485231,0,0.5806797174176476,0.0172840005060644,0.5785712559087482,0.0051645634291006,1.4050235639990742,1.1308011976853434,0.0361278330001368
xgb,synthetic_step,100,400,0.1453299969434738,1.087227111184038,2.532731485366822,35.71143341064453,0.2319316565990448,0.2622982263565063,0.3686199784278869,1.0914297103881836,0,0.9227478224676484,0.0091989563829055,0.9223593765718224,0.038185850604462,0.6028169826770439,0.4757222657851226,0.0876859580002928
chebypoly,wine_quality,100,1300,0.0137386012462514,0.0164198263815294,0.0257056065339422,0.1758731403747596,0.0798715864726452,0.0937039928234869,0.143956842199562,0.7621917438711209,0,0.3648278216197138,0.0088009661388919,0.3634804560413606,0.0357941674920936,0.6957255629926036,0.5428738179664896,0.254099541000869
chebytree,wine_quality,100,1300,0.0312064228814047,0.0333872225053473,0.047752663961858,0.1128981835241824,0.1794708381493436,0.1934876394895754,0.2807604862378478,0.6998437235972577,0,0.3360237379491395,0.0171996933411453,0.3346152699778475,0.0474385716961977,0.7112217688512426,0.5552110419571307,1.1276396250004836
dt,wine_quality,100,1300,0.03930356806916,0.0402083442584554,0.0524539599862305,0.0828064147041212,0.2290135230972881,0.23405322872077,0.309006129999775,0.5029431911903792,0,0.3021685626070611,0.0179111722175607,0.3006882782521935,0.0618435438891937,0.7291223796046336,0.5653556294191882,1.5623216250005498
ebm,wine_quality,100,1300,0.028050696717814,0.0310112760864838,0.0429651417797681,0.1636830514818947,0.1620248614999389,0.1784797821800022,0.2458781723128918,0.6920635551983136,0,0.3540235960765291,0.0109826835815483,0.352653311178873,0.0648759822617173,0.7016099558329936,0.5482721122836376,12.740661042000283
erbf,wine_quality,100,1300,0.0299818593979506,0.0309602711512152,0.0384469629002464,0.0598460440592822,0.1756244105614119,0.1790215594950022,0.2220063696599576,0.3138156655037761,0,0.3883425495058715,0.0109584872484655,0.3870450658238769,0.0584049865825342,0.6826928217512791,0.5289609555378589,2.2207794999994803
rf,wine_quality,100,1300,0.0150538448067991,0.0157703871752476,0.0210569455706552,0.0390248684586109,0.0887793640544256,0.0919637222649817,0.1249857924033873,0.2179288262150495,0,0.3925319045747869,0.0135968578689864,0.3912433052132333,0.0948547867260538,0.6803071686805457,0.526326852675051,19.099128832999668
ridge,wine_quality,100,1300,0.0057713179926836,0.0062529647953805,0.0086162502417654,0.0360507499776005,0.0334976178879529,0.0360206502826916,0.0494929243828832,0.25115005026799,0,0.2883035830871591,0.0156965514545271,0.2867938887025337,0.0041280557350564,0.7363581613194012,0.5696601434339036,0.060320333999698
xgb,wine_quality,100,1300,0.0456910356879234,0.0479774948875778,0.0669306121766567,0.1697693020105362,0.2672096490859985,0.2782367169857025,0.3914182186126709,0.9845393300056458,0,0.4397924575193521,0.0040655872187196,0.4386041123946983,0.4221759630781598,0.6534153857566947,0.4720339780305047,0.2680665409998255
